Country222,Cases,Deaths,Country,Region,
"Jersey, Crown Dependency",1,0,Jersey, Crown Dependency,
"Jersey, Crown Dependency",1,0,Jersey, Crown Dependency,
"Jersey, Crown Dependency",3,0,Jersey, Crown Dependency,
"Jersey, Crown Dependency",8,0,Jersey, Crown Dependency,
"Netherlands Antilles, Curaçao",7,0,Netherlands Antilles, Curaçao,
"Netherlands Antilles, Curaçao",8,0,Netherlands Antilles, Curaçao,
"Netherlands Antilles, Curaçao",3,0,Netherlands Antilles, Curaçao,
"Netherlands Antilles, Curaçao",3,0,Netherlands Antilles, Curaçao,
"Netherlands Antilles, Curaçao",3,0,Netherlands Antilles, Curaçao,
"Netherlands Antilles, Curaçao",3,0,Netherlands Antilles, Curaçao,
"Netherlands Antilles, Curaçao",3,0,Netherlands Antilles, Curaçao,
"Netherlands Antilles, Sint Maarten",7,0,Netherlands Antilles, Sint Maarten,
"Netherlands Antilles, Sint Maarten",7,0,Netherlands Antilles, Sint Maarten,
"Netherlands Antilles, Sint Maarten",1,0,Netherlands Antilles, Sint Maarten,
"Netherlands Antilles, Sint Maarten",1,0,Netherlands Antilles, Sint Maarten,
"Netherlands Antilles, Sint Maarten",1,0,Netherlands Antilles, Sint Maarten,
"Netherlands Antilles, Sint Maarten",1,0,Netherlands Antilles, Sint Maarten,
"Netherlands Antilles, Sint Maarten",1,0,Netherlands Antilles, Sint Maarten,
"Netherlands, Aruba",5,0,Netherlands, Aruba,
"France, New Caledonia, FOC",6,0,France, New Caledonia, FOC
"France, New Caledonia, FOC",6,0,France, New Caledonia, FOC
"French Polynesia, FOC",2,0,French Polynesia, FOC,
"French Polynesia, FOC",2,0,French Polynesia, FOC,
"French Polynesia, FOC",1,0,French Polynesia, FOC,
"French Polynesia, FOC",1,0,French Polynesia, FOC,
"French Polynesia, FOC",1,0,French Polynesia, FOC,
"French Polynesia, FOC",1,0,French Polynesia, FOC,
"French Polynesia, FOC",3,0,French Polynesia, FOC,
Algeria,2,0,Algeria,,
Algeria,5,0,Algeria,,
Algeria,5,0,Algeria,,
Algeria,1,0,Algeria,,
Algeria,2,0,Algeria,,
Algeria,2,0,Algeria,,
Algeria,2,0,Algeria,,
Antigua and Barbuda,2,0,Antigua and Barbuda,,
Antigua and Barbuda,2,0,Antigua and Barbuda,,
Antigua and Barbuda,2,0,Antigua and Barbuda,,
Antigua and Barbuda,2,0,Antigua and Barbuda,,
Antigua and Barbuda,2,0,Antigua and Barbuda,,
Antigua and Barbuda,2,0,Antigua and Barbuda,,
Argentina,100,0,Argentina,,
Argentina,1587,26,Argentina,,
Argentina,131,0,Argentina,,
Argentina,1587,26,Argentina,,
Argentina,147,0,Argentina,,
Argentina,2485,60,Argentina,,
Argentina,202,0,Argentina,,
Argentina,235,0,Argentina,,
Argentina,256,0,Argentina,,
Argentina,343,0,Argentina,,
Argentina,1,0,Argentina,,
Argentina,2,0,Argentina,,
Argentina,5,0,Argentina,,
Argentina,19,0,Argentina,,
Argentina,37,0,Argentina,,
Argentina,343,0,Argentina,,
Argentina,733,1,Argentina,,
Argentina,918,4,Argentina,,
Argentina,1010,7,Argentina,,
Argentina,1213,7,Argentina,,
Argentina,1391,21,Argentina,,
Argentina,1488,23,Argentina,,
Australia,297,0,Australia,,
Australia,4090,7,Australia,,
Australia,501,0,Australia,,
Australia,4568,9,Australia,,
Australia,876,0,Australia,,
Australia,5298,10,Australia,,
Australia,1051,0,Australia,,
Australia,1224,0,Australia,,
Australia,1307,0,Australia,,
Australia,1307,0,Australia,,
Australia,12,0,Australia,,
Australia,16,0,Australia,,
Australia,19,0,Australia,,
Australia,39,0,Australia,,
Australia,147,0,Australia,,
Australia,1823,0,Australia,,
Australia,2112,0,Australia,,
Australia,2199,0,Australia,,
Australia,2436,1,Australia,,
Australia,2857,2,Australia,,
Australia,3280,3,Australia,,
Australia,4038,7,Australia,,
Austria,1,0,Austria,,
Austria,15,0,Austria,,
Austria,1,0,Austria,,
Austria,15,0,Austria,,
Austria,2,0,Austria,,
Austria,19,0,Austria,,
Austria,5,0,Austria,,
Austria,5,0,Austria,,
Austria,7,0,Austria,,
Austria,7,0,Austria,,
Austria,1,0,Austria,,
Austria,1,0,Austria,,
Austria,1,0,Austria,,
Austria,1,0,Austria,,
Austria,1,0,Austria,,
Austria,7,0,Austria,,
Austria,7,0,Austria,,
Austria,8,0,Austria,,
Austria,9,0,Austria,,
Austria,12,0,Austria,,
Austria,12,0,Austria,,
Austria,12,0,Austria,,
Bahamas,1,0,Bahamas,,
Bahamas,6,0,Bahamas,,
Bahamas,1,0,Bahamas,,
Bahamas,6,0,Bahamas,,
Bahamas,1,0,Bahamas,,
Bahamas,7,0,Bahamas,,
Bahamas,1,0,Bahamas,,
Bahamas,2,0,Bahamas,,
Bahamas,1,0,Bahamas,,
Bahamas,1,0,Bahamas,,
Bahamas,1,0,Bahamas,,
Bahamas,2,0,Bahamas,,
Bahamas,2,0,Bahamas,,
Bahamas,2,0,Bahamas,,
Bahamas,4,0,Bahamas,,
Bahamas,4,0,Bahamas,,
Bahamas,4,0,Bahamas,,
Bahrain,1,0,Bahrain,,
Bahrain,15,0,Bahrain,,
Bahrain,1,0,Bahrain,,
Bahrain,15,0,Bahrain,,
Bahrain,1,0,Bahrain,,
Bahrain,15,0,Bahrain,,
Bahrain,1,0,Bahrain,,
Bahrain,1,0,Bahrain,,
Bahrain,1,0,Bahrain,,
Bahrain,1,0,Bahrain,,
Bahrain,1,0,Bahrain,,
Bahrain,1,0,Bahrain,,
Bahrain,1,0,Bahrain,,
Bahrain,12,0,Bahrain,,
Bahrain,12,0,Bahrain,,
Bahrain,15,0,Bahrain,,
Bahrain,15,0,Bahrain,,
Bahrain,15,0,Bahrain,,
Bahrain,15,0,Bahrain,,
Bangladesh,1,0,Bangladesh,,
Bangladesh,12,0,Bangladesh,,
Bangladesh,18,0,Bangladesh,,
Bangladesh,1,0,Bangladesh,,
Bangladesh,1,0,Bangladesh,,
Bangladesh,1,0,Bangladesh,,
Bangladesh,1,0,Bangladesh,,
Barbados,10,0,Barbados,,
Barbados,12,0,Barbados,,
Barbados,1,0,Barbados,,
Barbados,12,0,Barbados,,
Barbados,2,0,Barbados,,
Barbados,2,0,Barbados,,
Barbados,3,0,Barbados,,
Barbados,3,0,Barbados,,
Barbados,3,0,Barbados,,
Barbados,3,0,Barbados,,
Barbados,4,0,Barbados,,
Barbados,4,0,Barbados,,
Barbados,5,0,Barbados,,
Barbados,10,0,Barbados,,
Barbados,10,0,Barbados,,
Belgium,12,0,Belgium,,
Belgium,47,0,Belgium,,
Belgium,13,0,Belgium,,
Belgium,49,0,Belgium,,
Belgium,13,0,Belgium,,
Belgium,54,0,Belgium,,
Belgium,14,0,Belgium,,
Belgium,14,0,Belgium,,
Belgium,14,0,Belgium,,
Belgium,14,0,Belgium,,
Belgium,7,0,Belgium,,
Belgium,7,0,Belgium,,
Belgium,7,0,Belgium,,
Belgium,7,0,Belgium,,
Belgium,8,0,Belgium,,
Belgium,17,0,Belgium,,
Belgium,19,0,Belgium,,
Belgium,19,0,Belgium,,
Belgium,29,0,Belgium,,
Belgium,30,0,Belgium,,
Belgium,36,0,Belgium,,
Belgium,43,0,Belgium,,
"Bermuda, UKOT",1,0,Bermuda, UKOT,
"Bermuda, UKOT",1,0,Bermuda, UKOT,
"Bermuda, UKOT",1,0,Bermuda, UKOT,
"Bermuda, UKOT",1,0,Bermuda, UKOT,
"Bermuda, UKOT",1,0,Bermuda, UKOT,
"Bermuda, UKOT",1,0,Bermuda, UKOT,
"Bermuda, UKOT",1,0,Bermuda, UKOT,
"Bermuda, UKOT",1,0,Bermuda, UKOT,
"Bermuda, UKOT",1,0,Bermuda, UKOT,
Bolivia,3,0,Bolivia,,
Bolivia,205,0,Bolivia,,
Bolivia,3,0,Bolivia,,
Bolivia,283,0,Bolivia,,
Bolivia,3,0,Bolivia,,
Bolivia,416,0,Bolivia,,
Bolivia,3,0,Bolivia,,
Bolivia,3,0,Bolivia,,
Bolivia,5,0,Bolivia,,
Bolivia,5,0,Bolivia,,
Bolivia,7,0,Bolivia,,
Bolivia,11,0,Bolivia,,
Bolivia,11,0,Bolivia,,
Bolivia,25,0,Bolivia,,
Bolivia,44,0,Bolivia,,
Bolivia,47,0,Bolivia,,
Bolivia,126,0,Bolivia,,
Bosnia and Hezegovina,1,0,Bosnia and Hezegovina,,
Bosnia and Hezegovina,1,0,Bosnia and Hezegovina,,
Brazil,18,0,Brazil,,
Brazil,680,1,Brazil,,
Brazil,20,0,Brazil,,
Brazil,737,1,Brazil,,
Brazil,28,0,Brazil,,
Brazil,737,1,Brazil,,
Brazil,35,0,Brazil,,
Brazil,36,0,Brazil,,
Brazil,40,0,Brazil,,
Brazil,52,0,Brazil,,
Brazil,8,0,Brazil,,
Brazil,9,0,Brazil,,
Brazil,9,0,Brazil,,
Brazil,9,0,Brazil,,
Brazil,10,0,Brazil,,
Brazil,54,0,Brazil,,
Brazil,79,0,Brazil,,
Brazil,96,0,Brazil,,
Brazil,131,0,Brazil,,
Brazil,334,0,Brazil,,
Brazil,399,0,Brazil,,
Brazil,452,0,Brazil,,
"British Virgin Islands, UKOT",1,0,British Virgin Islands, UKOT,
"British Virgin Islands, UKOT",2,0,British Virgin Islands, UKOT,
"British Virgin Islands, UKOT",2,0,British Virgin Islands, UKOT,
"British Virgin Islands, UKOT",1,0,British Virgin Islands, UKOT,
"British Virgin Islands, UKOT",1,0,British Virgin Islands, UKOT,
"British Virgin Islands, UKOT",1,0,British Virgin Islands, UKOT,
"British Virgin Islands, UKOT",1,0,British Virgin Islands, UKOT,
"British Virgin Islands, UKOT",1,0,British Virgin Islands, UKOT,
"British Virgin Islands, UKOT",1,0,British Virgin Islands, UKOT,
Brunei Darussalam,29,0,Brunei Darussalam,,
Brunei Darussalam,85,0,Brunei Darussalam,,
Brunei Darussalam,124,0,Brunei Darussalam,,
Brunei Darussalam,1,0,Brunei Darussalam,,
Brunei Darussalam,4,0,Brunei Darussalam,,
Brunei Darussalam,11,0,Brunei Darussalam,,
Brunei Darussalam,29,0,Brunei Darussalam,,
Bulgaria,10,0,Bulgaria,,
Bulgaria,1,0,Bulgaria,,
Bulgaria,10,0,Bulgaria,,
Bulgaria,1,0,Bulgaria,,
Bulgaria,10,0,Bulgaria,,
Bulgaria,2,0,Bulgaria,,
Bulgaria,2,0,Bulgaria,,
Bulgaria,2,0,Bulgaria,,
Bulgaria,2,0,Bulgaria,,
Bulgaria,2,0,Bulgaria,,
Bulgaria,2,0,Bulgaria,,
Bulgaria,2,0,Bulgaria,,
Bulgaria,2,0,Bulgaria,,
Bulgaria,5,0,Bulgaria,,
Bulgaria,7,0,Bulgaria,,
Bulgaria,7,0,Bulgaria,,
Cambodia,6,0,Cambodia,,
Cambodia,7,0,Cambodia,,
Cambodia,7,0,Cambodia,,
Cambodia,1,0,Cambodia,,
Cambodia,5,0,Cambodia,,
Cambodia,6,0,Cambodia,,
Canada,1336,2,Canada,,
Canada,7983,25,Canada,,
Canada,1530,2,Canada,,
Canada,7983,25,Canada,,
Canada,1795,3,Canada,,
Canada,7983,25,Canada,,
Canada,2115,3,Canada,,
Canada,2446,4,Canada,,
Canada,2446,4,Canada,,
Canada,2978,4,Canada,,
Canada,719,1,Canada,,
Canada,805,1,Canada,,
Canada,921,1,Canada,,
Canada,921,1,Canada,,
Canada,1118,2,Canada,,
Canada,2978,4,Canada,,
Canada,4049,7,Canada,,
Canada,4905,12,Canada,,
Canada,5710,13,Canada,,
Canada,6457,15,Canada,,
Canada,6732,19,Canada,,
Canada,7775,21,Canada,,
Cap Verde,3,0,Cap Verde,,
Cap Verde,3,0,Cap Verde,,
Cap Verde,3,0,Cap Verde,,
Cap Verde,3,0,Cap Verde,,
Cap Verde,3,0,Cap Verde,,
Cap Verde,3,0,Cap Verde,,
"Cayman Islands, UKOT",13,0,Cayman Islands, UKOT,
"Cayman Islands, UKOT",14,0,Cayman Islands, UKOT,
"Cayman Islands, UKOT",14,0,Cayman Islands, UKOT,
"Cayman Islands, UKOT",1,0,Cayman Islands, UKOT,
"Cayman Islands, UKOT",1,0,Cayman Islands, UKOT,
"Cayman Islands, UKOT",2,0,Cayman Islands, UKOT,
"Cayman Islands, UKOT",2,0,Cayman Islands, UKOT,
"Cayman Islands, UKOT",2,0,Cayman Islands, UKOT,
"Cayman Islands, UKOT",4,0,Cayman Islands, UKOT,
"Cayman Islands, UKOT",4,0,Cayman Islands, UKOT,
"Cayman Islands, UKOT",4,0,Cayman Islands, UKOT,
"Cayman Islands, UKOT",7,0,Cayman Islands, UKOT,
"Cayman Islands, UKOT",9,0,Cayman Islands, UKOT,
"Cayman Islands, UKOT",9,0,Cayman Islands, UKOT,
Chile,250,0,Chile,,
Chile,6211,12,Chile,,
Chile,313,0,Chile,,
Chile,7376,14,Chile,,
Chile,369,1,Chile,,
Chile,7376,14,Chile,,
Chile,411,1,Chile,,
Chile,1694,2,Chile,,
Chile,1694,2,Chile,,
Chile,1694,2,Chile,,
Chile,24,0,Chile,,
Chile,44,0,Chile,,
Chile,74,0,Chile,,
Chile,86,0,Chile,,
Chile,165,0,Chile,,
Chile,1694,2,Chile,,
Chile,2335,2,Chile,,
Chile,3125,2,Chile,,
Chile,4315,4,Chile,,
Chile,4315,4,Chile,,
Chile,5186,7,Chile,,
Chile,5186,7,Chile,,
China,52,0,China,,
China,1518,0,China,,
China,69,0,China,,
China,1814,0,China,,
China,89,0,China,,
China,2040,0,China,,
China,108,0,China,,
China,142,0,China,,
China,174,0,China,,
China,188,0,China,,
China,11,0,China,,
China,15,0,China,,
China,20,0,China,,
China,22,0,China,,
China,30,0,China,,
China,318,0,China,,
China,382,0,China,,
China,519,0,China,,
China,739,0,China,,
China,906,0,China,,
China,1089,0,China,,
China,1442,0,China,,
Colombia,20,0,Colombia,,
Colombia,93,2,Colombia,,
Colombia,20,0,Colombia,,
Colombia,101,2,Colombia,,
Colombia,24,0,Colombia,,
Colombia,118,2,Colombia,,
Colombia,25,0,Colombia,,
Colombia,35,0,Colombia,,
Colombia,35,1,Colombia,,
Colombia,35,1,Colombia,,
Colombia,12,0,Colombia,,
Colombia,13,0,Colombia,,
Colombia,16,0,Colombia,,
Colombia,16,0,Colombia,,
Colombia,17,0,Colombia,,
Colombia,42,1,Colombia,,
Colombia,53,1,Colombia,,
Colombia,60,1,Colombia,,
Colombia,71,2,Colombia,,
Colombia,71,2,Colombia,,
Colombia,72,2,Colombia,,
Colombia,88,2,Colombia,,
Cook Island,1,0,Cook Island,,
Costa Rica,37,1,Costa Rica,,
Costa Rica,279,2,Costa Rica,,
Costa Rica,50,1,Costa Rica,,
Costa Rica,68,1,Costa Rica,,
Costa Rica,277,3,Costa Rica,,
Costa Rica,68,1,Costa Rica,,
Costa Rica,93,1,Costa Rica,,
Costa Rica,104,1,Costa Rica,,
Costa Rica,104,1,Costa Rica,,
Costa Rica,20,1,Costa Rica,,
Costa Rica,28,1,Costa Rica,,
Costa Rica,33,1,Costa Rica,,
Costa Rica,33,1,Costa Rica,,
Costa Rica,33,1,Costa Rica,,
Costa Rica,104,1,Costa Rica,,
Costa Rica,149,1,Costa Rica,,
Costa Rica,149,1,Costa Rica,,
Costa Rica,149,1,Costa Rica,,
Costa Rica,189,1,Costa Rica,,
Costa Rica,222,1,Costa Rica,,
Costa Rica,255,1,Costa Rica,,
Costa Rica,227,2,Costa Rica,,
Cote d'Ivoire,2,0,Cote d'Ivoire,,
Cote d'Ivoire,2,0,Cote d'Ivoire,,
Cote d'Ivoire,2,0,Cote d'Ivoire,,
Cote d'Ivoire,2,0,Cote d'Ivoire,,
Cote d'Ivoire,2,0,Cote d'Ivoire,,
Cote d'Ivoire,2,0,Cote d'Ivoire,,
Croatia,1,0,Croatia,,
Cuba,4,0,Cuba,,
Cuba,46,0,Cuba,,
Cuba,4,0,Cuba,,
Cuba,73,0,Cuba,,
Cuba,4,0,Cuba,,
Cuba,85,0,Cuba,,
Cuba,5,0,Cuba,,
Cuba,5,0,Cuba,,
Cuba,5,0,Cuba,,
Cuba,6,0,Cuba,,
Cuba,4,0,Cuba,,
Cuba,4,0,Cuba,,
Cuba,4,0,Cuba,,
Cuba,4,0,Cuba,,
Cuba,4,0,Cuba,,
Cuba,6,0,Cuba,,
Cuba,7,0,Cuba,,
Cuba,15,0,Cuba,,
Cuba,15,0,Cuba,,
Cuba,15,0,Cuba,,
Cuba,34,0,Cuba,,
Cuba,34,0,Cuba,,
Cyprus,1,0,Cyprus,,
Cyprus,48,0,Cyprus,,
Cyprus,1,0,Cyprus,,
Cyprus,70,0,Cyprus,,
Cyprus,1,0,Cyprus,,
Cyprus,109,0,Cyprus,,
Cyprus,1,0,Cyprus,,
Cyprus,1,0,Cyprus,,
Cyprus,1,0,Cyprus,,
Cyprus,1,0,Cyprus,,
Cyprus,1,0,Cyprus,,
Cyprus,1,0,Cyprus,,
Cyprus,1,0,Cyprus,,
Cyprus,4,0,Cyprus,,
Cyprus,5,0,Cyprus,,
Cyprus,9,0,Cyprus,,
Cyprus,25,0,Cyprus,,
Czech Republic,1,0,Czech Republic,,
Czech Republic,9,0,Czech Republic,,
Czech Republic,1,0,Czech Republic,,
Czech Republic,15,0,Czech Republic,,
Czech Republic,2,0,Czech Republic,,
Czech Republic,15,0,Czech Republic,,
Czech Republic,2,0,Czech Republic,,
Czech Republic,2,0,Czech Republic,,
Czech Republic,4,0,Czech Republic,,
Czech Republic,4,0,Czech Republic,,
Czech Republic,1,0,Czech Republic,,
Czech Republic,4,0,Czech Republic,,
Czech Republic,4,0,Czech Republic,,
Czech Republic,5,0,Czech Republic,,
Czech Republic,7,0,Czech Republic,,
Czech Republic,7,0,Czech Republic,,
Czech Republic,9,0,Czech Republic,,
Czech Republic,9,0,Czech Republic,,
Denmark,1,0,Denmark,,
Denmark,55,0,Denmark,,
Denmark,1,0,Denmark,,
Denmark,63,0,Denmark,,
Denmark,4,0,Denmark,,
Denmark,66,0,Denmark,,
Denmark,7,0,Denmark,,
Denmark,8,0,Denmark,,
Denmark,10,0,Denmark,,
Denmark,11,0,Denmark,,
Denmark,1,0,Denmark,,
Denmark,1,0,Denmark,,
Denmark,1,0,Denmark,,
Denmark,1,0,Denmark,,
Denmark,1,0,Denmark,,
Denmark,12,0,Denmark,,
Denmark,15,0,Denmark,,
Denmark,22,0,Denmark,,
Denmark,23,0,Denmark,,
Denmark,34,0,Denmark,,
Denmark,41,0,Denmark,,
Denmark,44,0,Denmark,,
Dominica,1,0,Dominica,,
Dominica,1,0,Dominica,,
Dominica,1,0,Dominica,,
Dominica,1,0,Dominica,,
Dominica,1,0,Dominica,,
Dominica,1,0,Dominica,,
Dominica,1,0,Dominica,,
Dominica,1,0,Dominica,,
Dominica,1,0,Dominica,,
Dominica,1,0,Dominica,,
Dominica,1,0,Dominica,,
Dominica,1,0,Dominica,,
Dominica,1,0,Dominica,,
Dominica,1,0,Dominica,,
Dominican Republic,2,0,Dominican Republic,,
Dominican Republic,108,2,Dominican Republic,,
Dominican Republic,11,0,Dominican Republic,,
Dominican Republic,108,2,Dominican Republic,,
Dominican Republic,33,0,Dominican Republic,,
Dominican Republic,108,2,Dominican Republic,,
Dominican Republic,44,1,Dominican Republic,,
Dominican Republic,91,1,Dominican Republic,,
Dominican Republic,91,1,Dominican Republic,,
Dominican Republic,91,1,Dominican Republic,,
Dominican Republic,2,0,Dominican Republic,,
Dominican Republic,93,1,Dominican Republic,,
Dominican Republic,93,1,Dominican Republic,,
Dominican Republic,93,1,Dominican Republic,,
Dominican Republic,93,1,Dominican Republic,,
Dominican Republic,108,2,Dominican Republic,,
Dominican Republic,108,2,Dominican Republic,,
Dominican Republic,108,2,Dominican Republic,,
Ecuador,39,0,Ecuador,,
Ecuador,163,0,Ecuador,,
Ecuador,39,0,Ecuador,,
Ecuador,163,0,Ecuador,,
Ecuador,43,0,Ecuador,,
Ecuador,204,0,Ecuador,,
Ecuador,60,0,Ecuador,,
Ecuador,60,0,Ecuador,,
Ecuador,67,0,Ecuador,,
Ecuador,67,0,Ecuador,,
Ecuador,8,0,Ecuador,,
Ecuador,10,0,Ecuador,,
Ecuador,24,0,Ecuador,,
Ecuador,28,0,Ecuador,,
Ecuador,32,0,Ecuador,,
Ecuador,80,0,Ecuador,,
Ecuador,86,0,Ecuador,,
Ecuador,86,0,Ecuador,,
Ecuador,95,0,Ecuador,,
Ecuador,115,0,Ecuador,,
Ecuador,125,0,Ecuador,,
Ecuador,125,0,Ecuador,,
Egypt,67,0,Egypt,,
Egypt,1,0,Egypt,,
Egypt,67,0,Egypt,,
Egypt,1,0,Egypt,,
Egypt,78,0,Egypt,,
Egypt,1,0,Egypt,,
Egypt,8,0,Egypt,,
Egypt,10,0,Egypt,,
Egypt,10,0,Egypt,,
Egypt,18,0,Egypt,,
Egypt,26,0,Egypt,,
Egypt,29,0,Egypt,,
Egypt,39,0,Egypt,,
Egypt,40,0,Egypt,,
Egypt,43,0,Egypt,,
Egypt,50,0,Egypt,,
El Salvador,27,0,El Salvador,,
El Salvador,226,0,El Salvador,,
El Salvador,41,0,El Salvador,,
El Salvador,253,0,El Salvador,,
El Salvador,49,0,El Salvador,,
El Salvador,319,0,El Salvador,,
El Salvador,69,0,El Salvador,,
El Salvador,69,0,El Salvador,,
El Salvador,69,0,El Salvador,,
El Salvador,69,0,El Salvador,,
El Salvador,6,0,El Salvador,,
El Salvador,6,0,El Salvador,,
El Salvador,6,0,El Salvador,,
El Salvador,11,0,El Salvador,,
El Salvador,11,0,El Salvador,,
El Salvador,95,0,El Salvador,,
El Salvador,125,0,El Salvador,,
El Salvador,160,0,El Salvador,,
El Salvador,160,0,El Salvador,,
El Salvador,160,0,El Salvador,,
El Salvador,160,0,El Salvador,,
El Salvador,226,0,El Salvador,,
Estonia,1,0,Estonia,,
Estonia,13,0,Estonia,,
Estonia,1,0,Estonia,,
Estonia,13,0,Estonia,,
Estonia,3,0,Estonia,,
Estonia,13,0,Estonia,,
Estonia,3,0,Estonia,,
Estonia,4,0,Estonia,,
Estonia,4,0,Estonia,,
Estonia,4,0,Estonia,,
Estonia,4,0,Estonia,,
Estonia,4,0,Estonia,,
Estonia,5,0,Estonia,,
Estonia,5,0,Estonia,,
Estonia,5,0,Estonia,,
Estonia,8,0,Estonia,,
Estonia,13,0,Estonia,,
Ethiopia,2,0,Ethiopia,,
Ethiopia,3,0,Ethiopia,,
Ethiopia,3,0,Ethiopia,,
Ethiopia,2,0,Ethiopia,,
Ethiopia,2,0,Ethiopia,,
Ethiopia,2,0,Ethiopia,,
Fiji,2,0,Fiji,,
Fiji,2,0,Fiji,,
Fiji,2,0,Fiji,,
Fiji,1,0,Fiji,,
Fiji,2,0,Fiji,,
Fiji,2,0,Fiji,,
Fiji,2,0,Fiji,,
Finland,3,0,Finland,,
Finland,26,0,Finland,,
Finland,4,0,Finland,,
Finland,43,0,Finland,,
Finland,4,0,Finland,,
Finland,47,0,Finland,,
Finland,4,0,Finland,,
Finland,4,0,Finland,,
Finland,4,0,Finland,,
Finland,4,0,Finland,,
Finland,2,0,Finland,,
Finland,2,0,Finland,,
Finland,2,0,Finland,,
Finland,2,0,Finland,,
Finland,3,0,Finland,,
Finland,4,0,Finland,,
Finland,12,0,Finland,,
Finland,13,0,Finland,,
Finland,13,0,Finland,,
Finland,26,0,Finland,,
Finland,26,0,Finland,,
Finland,26,0,Finland,,
France,24,0,France,,
France,277,0,France,,
France,26,0,France,,
France,300,0,France,,
France,47,0,France,,
France,310,0,France,,
France,58,0,France,,
France,71,0,France,,
France,73,0,France,,
France,73,0,France,,
France,16,0,France,,
France,16,0,France,,
France,16,0,France,,
France,16,0,France,,
France,21,0,France,,
France,80,0,France,,
France,118,0,France,,
France,131,0,France,,
France,147,0,France,,
France,171,0,France,,
France,191,0,France,,
France,235,0,France,,
"France, French Polynesia, FOC",1,0,France, French Polynesia, FOC
"France, Martinique, FOC",1,0,France, Martinique, FOC
"French Polynesia, FOC",4,0,French Polynesia, FOC,
Germany,28,0,Germany,,
Germany,417,0,Germany,,
Germany,28,0,Germany,,
Germany,470,0,Germany,,
Germany,43,0,Germany,,
Germany,505,0,Germany,,
Germany,63,0,Germany,,
Germany,78,0,Germany,,
Germany,95,0,Germany,,
Germany,95,0,Germany,,
Germany,17,0,Germany,,
Germany,17,0,Germany,,
Germany,17,0,Germany,,
Germany,17,0,Germany,,
Germany,19,0,Germany,,
Germany,170,0,Germany,,
Germany,195,0,Germany,,
Germany,238,0,Germany,,
Germany,275,0,Germany,,
Germany,301,0,Germany,,
Germany,333,0,Germany,,
Germany,366,0,Germany,,
Greece,4,0,Greece,,
Greece,92,0,Greece,,
Greece,5,0,Greece,,
Greece,109,0,Greece,,
Greece,5,0,Greece,,
Greece,151,0,Greece,,
Greece,5,0,Greece,,
Greece,5,0,Greece,,
Greece,7,0,Greece,,
Greece,7,0,Greece,,
Greece,1,0,Greece,,
Greece,1,0,Greece,,
Greece,1,0,Greece,,
Greece,1,0,Greece,,
Greece,3,0,Greece,,
Greece,19,0,Greece,,
Greece,23,0,Greece,,
Greece,31,0,Greece,,
Greece,48,0,Greece,,
Greece,58,0,Greece,,
Greece,73,0,Greece,,
Greece,86,0,Greece,,
"Guadaloupe, FOC",2,0,Guadaloupe, FOC,
Guatemala,14,0,Guatemala,,
Guatemala,23,0,Guatemala,,
Guatemala,30,0,Guatemala,,
Guatemala,60,0,Guatemala,,
Guatemala,60,0,Guatemala,,
Guatemala,74,1,Guatemala,,
Guatemala,4,0,Guatemala,,
Guatemala,4,0,Guatemala,,
Guatemala,4,0,Guatemala,,
Guatemala,5,0,Guatemala,,
Guatemala,119,1,Guatemala,,
Guatemala,128,1,Guatemala,,
Guatemala ,12,0,Guatemala ,,
Guatemala ,254,2,Guatemala ,,
Guatemala ,254,2,Guatemala ,,
Guatemala ,286,2,Guatemala ,,
Guatemala ,5,0,Guatemala ,,
Guatemala ,153,1,Guatemala ,,
Guatemala ,208,1,Guatemala ,,
Guatemala ,235,1,Guatemala ,,
Guatemala ,254,2,Guatemala ,,
Guatemala ,254,2,Guatemala ,,
"Guernsey, Crown Dependency",5,0,Guernsey, Crown Dependency,
"Guernsey, Crown Dependency",5,0,Guernsey, Crown Dependency,
"Guernsey, Crown Dependency",5,0,Guernsey, Crown Dependency,
"Guernsey, Crown Dependency",1,0,Guernsey, Crown Dependency,
"Guernsey, Crown Dependency",1,0,Guernsey, Crown Dependency,
Guyana,2,0,Guyana,,
Honduras,2,0,Honduras,,
Honduras,118,1,Honduras,,
Honduras,2,0,Honduras,,
Honduras,123,1,Honduras,,
Honduras,34,0,Honduras,,
Honduras,123,1,Honduras,,
Honduras,34,0,Honduras,,
Honduras,89,0,Honduras,,
Honduras,89,0,Honduras,,
Honduras,89,0,Honduras,,
Honduras,1,0,Honduras,,
Honduras,1,0,Honduras,,
Honduras,1,0,Honduras,,
Honduras,1,0,Honduras,,
Honduras,89,0,Honduras,,
Honduras,100,0,Honduras,,
Honduras,108,0,Honduras,,
Honduras,108,0,Honduras,,
Honduras,118,0,Honduras,,
Honduras,118,1,Honduras,,
Honduras,118,1,Honduras,,
Hungary,1,0,Hungary,,
Hungary,10,0,Hungary,,
Hungary,1,0,Hungary,,
Hungary,11,0,Hungary,,
Hungary,3,0,Hungary,,
Hungary,11,0,Hungary,,
Hungary,3,0,Hungary,,
Hungary,3,0,Hungary,,
Hungary,4,0,Hungary,,
Hungary,4,0,Hungary,,
Hungary,4,0,Hungary,,
Hungary,4,0,Hungary,,
Hungary,7,0,Hungary,,
Hungary,7,0,Hungary,,
Hungary,7,0,Hungary,,
Hungary,8,0,Hungary,,
Hungary,8,0,Hungary,,
Iceland,1,0,Iceland,,
Iceland,4,0,Iceland,,
Iceland,1,0,Iceland,,
Iceland,4,0,Iceland,,
Iceland,1,0,Iceland,,
Iceland,4,0,Iceland,,
Iceland,1,0,Iceland,,
Iceland,2,0,Iceland,,
Iceland,3,0,Iceland,,
Iceland,4,0,Iceland,,
Iceland,1,0,Iceland,,
Iceland,1,0,Iceland,,
Iceland,1,0,Iceland,,
Iceland,1,0,Iceland,,
Iceland,4,0,Iceland,,
Iceland,4,0,Iceland,,
Iceland,4,0,Iceland,,
Iceland,4,0,Iceland,,
Iceland,4,0,Iceland,,
Iceland,4,0,Iceland,,
Iceland,4,0,Iceland,,
India,1,0,India,,
India,104,0,India,,
India,1,0,India,,
India,104,0,India,,
India,4,0,India,,
India,129,0,India,,
India,4,0,India,,
India,4,0,India,,
India,9,0,India,,
India,9,0,India,,
India,1,0,India,,
India,1,0,India,,
India,1,0,India,,
India,1,0,India,,
India,1,0,India,,
India,16,0,India,,
India,30,0,India,,
India,30,0,India,,
India,44,0,India,,
India,64,0,India,,
India,64,0,India,,
India,64,0,India,,
Indonesia,8,0,Indonesia,,
Indonesia,8,0,Indonesia,,
Indonesia,20,0,Indonesia,,
Indonesia,2,0,Indonesia,,
Indonesia,8,0,Indonesia,,
Iran,1,0,Iran,,
Iran,1,0,Iran,,
Iran,1,0,Iran,,
Iran,1,0,Iran,,
"Iran, Islamic Republic",1,0,Iran, Islamic Republic,
Iraq,11,0,Iraq,,
Iraq,11,0,Iraq,,
Iraq,12,0,Iraq,,
Iraq,10,0,Iraq,,
Ireland,4,0,Ireland,,
Ireland,41,0,Ireland,,
Ireland,4,0,Ireland,,
Ireland,51,0,Ireland,,
Ireland,8,0,Ireland,,
Ireland,74,0,Ireland,,
Ireland,11,0,Ireland,,
Ireland,12,0,Ireland,,
Ireland,12,0,Ireland,,
Ireland,12,0,Ireland,,
Ireland,1,0,Ireland,,
Ireland,1,0,Ireland,,
Ireland,1,0,Ireland,,
Ireland,1,0,Ireland,,
Ireland,3,0,Ireland,,
Ireland,12,0,Ireland,,
Ireland,12,0,Ireland,,
Ireland,16,0,Ireland,,
Ireland,23,0,Ireland,,
Ireland,23,0,Ireland,,
Ireland,29,0,Ireland,,
Ireland,39,0,Ireland,,
"Isle of Man, Crown Dependency",1,0,Isle of Man, Crown Dependency,
"Isle of Man, Crown Dependency",1,0,Isle of Man, Crown Dependency,
"Isle of Man, Crown Dependency",1,0,Isle of Man, Crown Dependency,
"Isle of Man, Crown Dependency",1,0,Isle of Man, Crown Dependency,
"Isle of Man, Crown Dependency",1,0,Isle of Man, Crown Dependency,
"Isle of Man, Crown Dependency",1,0,Isle of Man, Crown Dependency,
"Isle of Man, Crown Dependency",1,0,Isle of Man, Crown Dependency,
"Isle of Man, Crown Dependency",1,0,Isle of Man, Crown Dependency,
Israel,19,0,Israel,,
Israel,506,0,Israel,,
Israel,33,0,Israel,,
Israel,577,0,Israel,,
Israel,39,0,Israel,,
Israel,681,0,Israel,,
Israel,54,0,Israel,,
Israel,63,0,Israel,,
Israel,68,0,Israel,,
Israel,68,0,Israel,,
Israel,7,0,Israel,,
Israel,8,0,Israel,,
Israel,8,0,Israel,,
Israel,9,0,Israel,,
Israel,11,0,Israel,,
Israel,117,0,Israel,,
Israel,152,0,Israel,,
Israel,219,0,Israel,,
Israel,291,0,Israel,,
Israel,375,0,Israel,,
Israel,405,0,Israel,,
Israel,469,0,Israel,,
Italy,29,0,Italy,,
Italy,123,0,Italy,,
Italy,30,0,Italy,,
Italy,130,0,Italy,,
Italy,38,0,Italy,,
Italy,146,0,Italy,,
Italy,50,0,Italy,,
Italy,50,0,Italy,,
Italy,54,0,Italy,,
Italy,56,0,Italy,,
Italy,14,0,Italy,,
Italy,19,0,Italy,,
Italy,19,0,Italy,,
Italy,23,0,Italy,,
Italy,26,0,Italy,,
Italy,67,0,Italy,,
Italy,72,0,Italy,,
Italy,88,0,Italy,,
Italy,88,0,Italy,,
Italy,96,0,Italy,,
Italy,102,0,Italy,,
Italy,112,0,Italy,,
Jamaica,2,0,Jamaica,,
Jamaica,32,0,Jamaica,,
Jamaica,2,0,Jamaica,,
Jamaica,32,0,Jamaica,,
Jamaica,2,0,Jamaica,,
Jamaica,32,0,Jamaica,,
Jamaica,4,0,Jamaica,,
Jamaica,7,0,Jamaica,,
Jamaica,10,0,Jamaica,,
Jamaica,11,0,Jamaica,,
Jamaica,11,0,Jamaica,,
Jamaica,12,0,Jamaica,,
Jamaica,14,0,Jamaica,,
Jamaica,19,0,Jamaica,,
Jamaica,19,0,Jamaica,,
Jamaica,19,0,Jamaica,,
Jamaica,21,0,Jamaica,,
Japan,370,0,Japan,,
Japan,1266,0,Japan,,
Japan,385,0,Japan,,
Japan,1446,0,Japan,,
Japan,410,0,Japan,,
Japan,1790,0,Japan,,
Japan,410,0,Japan,,
Japan,485,0,Japan,,
Japan,518,0,Japan,,
Japan,549,0,Japan,,
Japan,321,0,Japan,,
Japan,345,0,Japan,,
Japan,350,0,Japan,,
Japan,360,0,Japan,,
Japan,364,0,Japan,,
Japan,605,0,Japan,,
Japan,666,0,Japan,,
Japan,690,0,Japan,,
Japan,850,0,Japan,,
Japan,893,0,Japan,,
Japan,1049,0,Japan,,
Japan,1212,0,Japan,,
"Jersey, Crown Dependency",8,0,Jersey, Crown Dependency,
"Jersey, Crown Dependency",11,0,Jersey, Crown Dependency,
"Jersey, Crown Dependency",11,0,Jersey, Crown Dependency,
"Jersey, Crown Dependency",8,0,Jersey, Crown Dependency,
Jordan,20,0,Jordan,,
Jordan,22,0,Jordan,,
Jordan,23,0,Jordan,,
Jordan,2,0,Jordan,,
Jordan,2,0,Jordan,,
Jordan,13,0,Jordan,,
Jordan,15,0,Jordan,,
Jordan,15,0,Jordan,,
Jordan,18,0,Jordan,,
Kenya,1,0,Kenya,,
Kenya,12,0,Kenya,,
Kenya,15,0,Kenya,,
"Korea, Republic of",33,0,Korea, Republic of,
"Korea, Republic of",202,0,Korea, Republic of,
"Korea, Republic of",41,0,Korea, Republic of,
"Korea, Republic of",202,0,Korea, Republic of,
"Korea, Republic of",41,0,Korea, Republic of,
"Korea, Republic of",202,0,Korea, Republic of,
"Korea, Republic of",47,0,Korea, Republic of,
"Korea, Republic of",48,0,Korea, Republic of,
"Korea, Republic of",53,0,Korea, Republic of,
"Korea, Republic of",53,0,Korea, Republic of,
"Korea, Republic of",3,0,Korea, Republic of,
"Korea, Republic of",3,0,Korea, Republic of,
"Korea, Republic of",21,0,Korea, Republic of,
"Korea, Republic of",21,0,Korea, Republic of,
"Korea, Republic of",33,0,Korea, Republic of,
"Korea, Republic of",65,0,Korea, Republic of,
"Korea, Republic of",65,0,Korea, Republic of,
"Korea, Republic of",84,0,Korea, Republic of,
"Korea, Republic of",105,0,Korea, Republic of,
"Korea, Republic of",115,0,Korea, Republic of,
"Korea, Republic of",142,0,Korea, Republic of,
"Korea, Republic of",202,0,Korea, Republic of,
Kuwait,18,0,Kuwait,,
Kuwait,34,0,Kuwait,,
Kuwait,18,0,Kuwait,,
Kuwait,35,0,Kuwait,,
Kuwait,18,0,Kuwait,,
Kuwait,35,0,Kuwait,,
Kuwait,18,0,Kuwait,,
Kuwait,18,0,Kuwait,,
Kuwait,18,0,Kuwait,,
Kuwait,18,0,Kuwait,,
Kuwait,18,0,Kuwait,,
Kuwait,18,0,Kuwait,,
Kuwait,18,0,Kuwait,,
Kuwait,18,0,Kuwait,,
Kuwait,18,0,Kuwait,,
Kuwait,18,0,Kuwait,,
Kuwait,18,0,Kuwait,,
Kuwait,26,0,Kuwait,,
Kuwait,26,0,Kuwait,,
Kuwait,30,0,Kuwait,,
Kuwait,30,0,Kuwait,,
Laos,3,0,Laos,,
Laos,3,0,Laos,,
Laos,5,0,Laos,,
Laos,1,0,Laos,,
Laos,2,0,Laos,,
Laos,3,0,Laos,,
Laos,3,0,Laos,,
Laos,3,0,Laos,,
Latvia,1,0,Latvia,,
Latvia,1,0,Latvia,,
Latvia,1,0,Latvia,,
Latvia,1,0,Latvia,,
Latvia,1,0,Latvia,,
Latvia,1,0,Latvia,,
Lebanon,39,0,Lebanon,,
Lebanon,3,0,Lebanon,,
Lebanon,47,0,Lebanon,,
Lebanon,3,0,Lebanon,,
Lebanon,49,0,Lebanon,,
Lebanon,3,0,Lebanon,,
Lebanon,8,0,Lebanon,,
Lebanon,8,0,Lebanon,,
Lebanon,8,0,Lebanon,,
Lebanon,8,0,Lebanon,,
Lebanon,11,0,Lebanon,,
Lebanon,12,0,Lebanon,,
Lebanon,12,0,Lebanon,,
Lebanon,25,0,Lebanon,,
Lebanon,25,0,Lebanon,,
Lebanon,25,0,Lebanon,,
Libya,1,0,Libya,,
Lithuania,1,0,Lithuania,,
Lithuania,3,0,Lithuania,,
Lithuania,3,0,Lithuania,,
Lithuania,1,0,Lithuania,,
Luxembourg,4,0,Luxembourg,,
Luxembourg,4,0,Luxembourg,,
Luxembourg,1,0,Luxembourg,,
Luxembourg,6,0,Luxembourg,,
Luxembourg,1,0,Luxembourg,,
Luxembourg,1,0,Luxembourg,,
Luxembourg,1,0,Luxembourg,,
Luxembourg,1,0,Luxembourg,,
Luxembourg,1,0,Luxembourg,,
Luxembourg,2,0,Luxembourg,,
Luxembourg,2,0,Luxembourg,,
Luxembourg,3,0,Luxembourg,,
Luxembourg,3,0,Luxembourg,,
Luxembourg,3,0,Luxembourg,,
Luxembourg,4,0,Luxembourg,,
Malaysia,2,0,Malaysia,,
Malaysia,112,0,Malaysia,,
Malaysia,2,0,Malaysia,,
Malaysia,112,0,Malaysia,,
Malaysia,2,0,Malaysia,,
Malaysia,112,0,Malaysia,,
Malaysia,5,0,Malaysia,,
Malaysia,5,0,Malaysia,,
Malaysia,5,0,Malaysia,,
Malaysia,5,0,Malaysia,,
Malaysia,2,0,Malaysia,,
Malaysia,2,0,Malaysia,,
Malaysia,2,0,Malaysia,,
Malaysia,2,0,Malaysia,,
Malaysia,2,0,Malaysia,,
Malaysia,5,0,Malaysia,,
Malaysia,17,0,Malaysia,,
Malaysia,23,0,Malaysia,,
Malaysia,23,0,Malaysia,,
Malaysia,68,0,Malaysia,,
Malaysia,68,0,Malaysia,,
Malaysia,112,0,Malaysia,,
Malta,2,0,Malta,,
Malta,24,0,Malta,,
"Martinique, FOC",2,0,Martinique, FOC,
"Martinique, FOC",2,0,Martinique, FOC,
"Martinique, FOC",3,0,Martinique, FOC,
"Martinique, FOC",1,0,Martinique, FOC,
"Martinique, FOC",1,0,Martinique, FOC,
"Martinique, FOC",2,0,Martinique, FOC,
"Martinique, FOC",2,0,Martinique, FOC,
"Martinique, FOC",2,0,Martinique, FOC,
Mauritius,7,0,Mauritius,,
Mauritius,1,0,Mauritius,,
Mauritius,1,0,Mauritius,,
Mexico,5029,97,Mexico,,
Mexico,8680,116,Mexico,,
Mexico,5029,97,Mexico,,
Mexico,10262,119,Mexico,,
Mexico,5563,103,Mexico,,
Mexico,10262,119,Mexico,,
Mexico,5717,106,Mexico,,
Mexico,5717,106,Mexico,,
Mexico,6241,108,Mexico,,
Mexico,6241,108,Mexico,,
Mexico,3892,75,Mexico,,
Mexico,4174,80,Mexico,,
Mexico,4174,80,Mexico,,
Mexico,4541,83,Mexico,,
Mexico,4910,85,Mexico,,
Mexico,6241,108,Mexico,,
Mexico,6241,108,Mexico,,
Mexico,7624,113,Mexico,,
Mexico,7624,113,Mexico,,
Mexico,7847,115,Mexico,,
Mexico,8279,116,Mexico,,
Mexico,8279,116,Mexico,,
Monaco,1,0,Monaco,,
Montenegro,4,0,Montenegro,,
Montenegro,9,0,Montenegro,,
Montenegro,10,0,Montenegro,,
Montenegro,1,0,Montenegro,,
Montenegro,1,0,Montenegro,,
Montenegro,1,0,Montenegro,,
Morocco,17,0,Morocco,,
Morocco,17,0,Morocco,,
Morocco,17,0,Morocco,,
Morocco,1,0,Morocco,,
Morocco,3,0,Morocco,,
Morocco,8,0,Morocco,,
Morocco,9,0,Morocco,,
Morocco,11,0,Morocco,,
Morocco,11,0,Morocco,,
Morocco,6,0,Morocco,,
Myanmar,1,0,Myanmar,,
Myanmar,1,0,Myanmar,,
Myanmar,1,0,Myanmar,,
Nepal,3,0,Nepal,,
Nepal,5,0,Nepal,,
Nepal,5,0,Nepal,,
Nepal,3,0,Nepal,,
Netherlands,3,0,Netherlands,,
Netherlands,128,0,Netherlands,,
Netherlands,4,0,Netherlands,,
Netherlands,134,0,Netherlands,,
Netherlands,4,0,Netherlands,,
Netherlands,135,0,Netherlands,,
Netherlands,10,0,Netherlands,,
Netherlands,22,0,Netherlands,,
Netherlands,30,0,Netherlands,,
Netherlands,35,0,Netherlands,,
Netherlands,3,0,Netherlands,,
Netherlands,3,0,Netherlands,,
Netherlands,3,0,Netherlands,,
Netherlands,3,0,Netherlands,,
Netherlands,3,0,Netherlands,,
Netherlands,61,0,Netherlands,,
Netherlands,68,0,Netherlands,,
Netherlands,87,0,Netherlands,,
Netherlands,91,0,Netherlands,,
Netherlands,110,0,Netherlands,,
Netherlands,116,0,Netherlands,,
Netherlands,118,0,Netherlands,,
"Netherlands Antilles, Curaçao",8,0,Netherlands Antilles, Curaçao,
"Netherlands Antilles, Sint Maarten",7,0,Netherlands Antilles, Sint Maarten,
"Netherlands, Aruba",5,0,Netherlands, Aruba,
"Netherlands, Curacao, OT",1,0,Netherlands, Curacao, OT
"New Caledonia, FOC",12,0,New Caledonia, FOC,
New Zealand,9,0,New Zealand,,
New Zealand,711,0,New Zealand,,
New Zealand,10,0,New Zealand,,
New Zealand,912,0,New Zealand,,
New Zealand,11,0,New Zealand,,
New Zealand,1059,3,New Zealand,,
New Zealand,14,0,New Zealand,,
New Zealand,23,0,New Zealand,,
New Zealand,23,0,New Zealand,,
New Zealand,27,0,New Zealand,,
New Zealand,9,0,New Zealand,,
New Zealand,9,0,New Zealand,,
New Zealand,9,0,New Zealand,,
New Zealand,9,0,New Zealand,,
New Zealand,9,0,New Zealand,,
New Zealand,86,0,New Zealand,,
New Zealand,127,0,New Zealand,,
New Zealand,216,0,New Zealand,,
New Zealand,258,0,New Zealand,,
New Zealand,386,0,New Zealand,,
New Zealand,453,0,New Zealand,,
New Zealand,587,0,New Zealand,,
Nicaragua,293,0,Nicaragua,,
Nicaragua,1,0,Nicaragua,,
Nicaragua,308,0,Nicaragua,,
Nicaragua,5,0,Nicaragua,,
Nicaragua,321,0,Nicaragua,,
Nicaragua,18,0,Nicaragua,,
Nicaragua,29,0,Nicaragua,,
Nicaragua,45,0,Nicaragua,,
Nicaragua,56,0,Nicaragua,,
Nicaragua,56,0,Nicaragua,,
Nicaragua,118,0,Nicaragua,,
Nicaragua,144,0,Nicaragua,,
Nicaragua,189,0,Nicaragua,,
Nicaragua,220,0,Nicaragua,,
Nicaragua,265,0,Nicaragua,,
Nicaragua,277,0,Nicaragua,,
Norway,4,0,Norway,,
Norway,32,0,Norway,,
Norway,4,0,Norway,,
Norway,41,0,Norway,,
Norway,9,0,Norway,,
Norway,41,0,Norway,,
Norway,9,0,Norway,,
Norway,9,0,Norway,,
Norway,13,0,Norway,,
Norway,13,0,Norway,,
Norway,4,0,Norway,,
Norway,4,0,Norway,,
Norway,4,0,Norway,,
Norway,4,0,Norway,,
Norway,4,0,Norway,,
Norway,13,0,Norway,,
Norway,13,0,Norway,,
Norway,17,0,Norway,,
Norway,17,0,Norway,,
Norway,22,0,Norway,,
Norway,22,0,Norway,,
Norway,31,0,Norway,,
Oman,3,0,Oman,,
Oman,3,0,Oman,,
Oman,4,0,Oman,,
Oman,3,0,Oman,,
Oman,3,0,Oman,,
Oman,3,0,Oman,,
Oman,3,0,Oman,,
Oman,3,0,Oman,,
Palau,1,0,Palau,,
Palau,1,0,Palau,,
Panama,107,0,Panama,,
Panama,417,0,Panama,,
Panama,155,0,Panama,,
Panama,417,0,Panama,,
Panama,173,0,Panama,,
Panama,417,0,Panama,,
Panama,179,0,Panama,,
Panama,221,0,Panama,,
Panama,221,0,Panama,,
Panama,221,0,Panama,,
Panama,76,0,Panama,,
Panama,76,0,Panama,,
Panama,76,0,Panama,,
Panama,76,0,Panama,,
Panama,107,0,Panama,,
Panama,272,0,Panama,,
Panama,272,0,Panama,,
Panama,272,0,Panama,,
Panama,330,0,Panama,,
Panama,330,0,Panama,,
Panama,358,0,Panama,,
Panama,403,0,Panama,,
Papua New Guinea,1,0,Papua New Guinea,,
Papua New Guinea,1,0,Papua New Guinea,,
Papua New Guinea,1,0,Papua New Guinea,,
Papua New Guinea,1,0,Papua New Guinea,,
Papua New Guinea,1,0,Papua New Guinea,,
Papua New Guinea,1,0,Papua New Guinea,,
Papua New Guinea,1,0,Papua New Guinea,,
Papua New Guinea,1,0,Papua New Guinea,,
Paraguay,5,0,Paraguay,,
Paraguay,96,0,Paraguay,,
Paraguay,5,0,Paraguay,,
Paraguay,103,0,Paraguay,,
Paraguay,5,0,Paraguay,,
Paraguay,106,1,Paraguay,,
Paraguay,5,0,Paraguay,,
Paraguay,16,0,Paraguay,,
Paraguay,25,0,Paraguay,,
Paraguay,25,0,Paraguay,,
Paraguay,25,0,Paraguay,,
Paraguay,25,0,Paraguay,,
Paraguay,27,0,Paraguay,,
Paraguay,48,0,Paraguay,,
Paraguay,58,0,Paraguay,,
Paraguay,79,0,Paraguay,,
Paraguay,85,0,Paraguay,,
Peru,36,0,Peru,,
Peru,538,0,Peru,,
Peru,40,0,Peru,,
Peru,538,0,Peru,,
Peru,47,0,Peru,,
Peru,916,0,Peru,,
Peru,61,0,Peru,,
Peru,64,0,Peru,,
Peru,64,0,Peru,,
Peru,79,0,Peru,,
Peru,5,0,Peru,,
Peru,25,0,Peru,,
Peru,27,0,Peru,,
Peru,27,0,Peru,,
Peru,31,0,Peru,,
Peru,91,0,Peru,,
Peru,112,0,Peru,,
Peru,141,0,Peru,,
Peru,185,0,Peru,,
Peru,217,0,Peru,,
Peru,252,0,Peru,,
Peru,360,0,Peru,,
Philippines,16,0,Philippines,,
Philippines,861,1,Philippines,,
Philippines,16,0,Philippines,,
Philippines,1709,1,Philippines,,
Philippines,29,0,Philippines,,
Philippines,1709,1,Philippines,,
Philippines,33,0,Philippines,,
Philippines,54,0,Philippines,,
Philippines,77,0,Philippines,,
Philippines,77,0,Philippines,,
Philippines,1,0,Philippines,,
Philippines,1,0,Philippines,,
Philippines,2,0,Philippines,,
Philippines,2,0,Philippines,,
Philippines,6,0,Philippines,,
Philippines,77,0,Philippines,,
Philippines,193,0,Philippines,,
Philippines,311,0,Philippines,,
Philippines,344,0,Philippines,,
Philippines,445,1,Philippines,,
Philippines,445,1,Philippines,,
Philippines,861,1,Philippines,,
Poland,4,0,Poland,,
Poland,15,0,Poland,,
Poland,4,0,Poland,,
Poland,19,0,Poland,,
Poland,4,0,Poland,,
Poland,25,0,Poland,,
Poland,5,0,Poland,,
Poland,6,0,Poland,,
Poland,7,0,Poland,,
Poland,7,0,Poland,,
Poland,2,0,Poland,,
Poland,3,0,Poland,,
Poland,3,0,Poland,,
Poland,3,0,Poland,,
Poland,4,0,Poland,,
Poland,7,0,Poland,,
Poland,7,0,Poland,,
Poland,7,0,Poland,,
Poland,13,0,Poland,,
Poland,13,0,Poland,,
Poland,13,0,Poland,,
Poland,14,0,Poland,,
Portugal,1,0,Portugal,,
Portugal,17,0,Portugal,,
Portugal,2,0,Portugal,,
Portugal,27,0,Portugal,,
Portugal,2,0,Portugal,,
Portugal,42,0,Portugal,,
Portugal,2,0,Portugal,,
Portugal,2,0,Portugal,,
Portugal,2,0,Portugal,,
Portugal,2,0,Portugal,,
Portugal,1,0,Portugal,,
Portugal,1,0,Portugal,,
Portugal,1,0,Portugal,,
Portugal,1,0,Portugal,,
Portugal,1,0,Portugal,,
Portugal,3,0,Portugal,,
Portugal,3,0,Portugal,,
Portugal,5,0,Portugal,,
Portugal,6,0,Portugal,,
Portugal,6,0,Portugal,,
Portugal,7,0,Portugal,,
Portugal,11,0,Portugal,,
Puerto Rico,18,0,Puerto Rico,,
Qatar,10,0,Qatar,,
Qatar,10,0,Qatar,,
Qatar,23,0,Qatar,,
Qatar,3,0,Qatar,,
Qatar,3,0,Qatar,,
Qatar,8,0,Qatar,,
Qatar,10,0,Qatar,,
Qatar,10,0,Qatar,,
Qatar,10,0,Qatar,,
Romania,3,0,Romania,,
Romania,28,0,Romania,,
Romania,5,0,Romania,,
Romania,36,0,Romania,,
Romania,8,0,Romania,,
Romania,41,0,Romania,,
Romania,9,0,Romania,,
Romania,9,0,Romania,,
Romania,11,0,Romania,,
Romania,11,0,Romania,,
Romania,3,0,Romania,,
Romania,13,0,Romania,,
Romania,16,0,Romania,,
Romania,18,0,Romania,,
Romania,18,0,Romania,,
Romania,19,0,Romania,,
Romania,19,0,Romania,,
Romania,24,0,Romania,,
Russia,3,0,Russia,,
Russia,3,0,Russia,,
Russia,3,0,Russia,,
Russia,3,0,Russia,,
Russia,3,0,Russia,,
Russia,3,0,Russia,,
Russia,3,0,Russia,,
Russia,3,0,Russia,,
Russia,3,0,Russia,,
Russia,3,0,Russia,,
Russia,1,0,Russia,,
Russia,1,0,Russia,,
Russia,2,0,Russia,,
Russia,2,0,Russia,,
Russia,2,0,Russia,,
Russia,3,0,Russia,,
Russia,3,0,Russia,,
Russia,3,0,Russia,,
Russia,3,0,Russia,,
Russia,3,0,Russia,,
Russia,3,0,Russia,,
Russia,3,0,Russia,,
Saint Lucia,1,0,Saint Lucia,,
Saint Lucia,1,0,Saint Lucia,,
Saint Lucia,1,0,Saint Lucia,,
"Saint Martin, FOC",1,0,Saint Martin, FOC,
Samoa,1,0,Samoa,,
Samoa,1,0,Samoa,,
Samoa,1,0,Samoa,,
Samoa,1,0,Samoa,,
Samoa,1,0,Samoa,,
Samoa,1,0,Samoa,,
Samoa,1,0,Samoa,,
Samoa,1,0,Samoa,,
Samoa,1,0,Samoa,,
Saudi Arabia,81,0,Saudi Arabia,,
Saudi Arabia,89,0,Saudi Arabia,,
Saudi Arabia,1,0,Saudi Arabia,,
Saudi Arabia,114,0,Saudi Arabia,,
Saudi Arabia,1,0,Saudi Arabia,,
Saudi Arabia,1,0,Saudi Arabia,,
Saudi Arabia,1,0,Saudi Arabia,,
Saudi Arabia,1,0,Saudi Arabia,,
Saudi Arabia,11,0,Saudi Arabia,,
Saudi Arabia,17,0,Saudi Arabia,,
Saudi Arabia,22,0,Saudi Arabia,,
Saudi Arabia,35,0,Saudi Arabia,,
Saudi Arabia,45,0,Saudi Arabia,,
Saudi Arabia,48,0,Saudi Arabia,,
Saudi Arabia,69,0,Saudi Arabia,,
Serbia,12,0,Serbia,,
Serbia,15,0,Serbia,,
Serbia,15,0,Serbia,,
Serbia,2,0,Serbia,,
Serbia,5,0,Serbia,,
Singapore,5,0,Singapore,,
Singapore,701,0,Singapore,,
Singapore,9,0,Singapore,,
Singapore,878,0,Singapore,,
Singapore,12,0,Singapore,,
Singapore,1055,0,Singapore,,
Singapore,15,0,Singapore,,
Singapore,18,0,Singapore,,
Singapore,18,0,Singapore,,
Singapore,18,0,Singapore,,
Singapore,1,0,Singapore,,
Singapore,4,0,Singapore,,
Singapore,47,0,Singapore,,
Singapore,49,0,Singapore,,
Singapore,77,0,Singapore,,
Singapore,142,0,Singapore,,
Singapore,194,0,Singapore,,
Singapore,315,0,Singapore,,
Singapore,599,0,Singapore,,
Slovakia,2,0,Slovakia,,
Slovakia,13,0,Slovakia,,
Slovakia,2,0,Slovakia,,
Slovakia,18,0,Slovakia,,
Slovakia,3,0,Slovakia,,
Slovakia,18,0,Slovakia,,
Slovakia,3,0,Slovakia,,
Slovakia,3,0,Slovakia,,
Slovakia,3,0,Slovakia,,
Slovakia,3,0,Slovakia,,
Slovakia,1,0,Slovakia,,
Slovakia,3,0,Slovakia,,
Slovakia,3,0,Slovakia,,
Slovakia,3,0,Slovakia,,
Slovakia,3,0,Slovakia,,
Slovakia,4,0,Slovakia,,
Slovakia,7,0,Slovakia,,
Slovakia,9,0,Slovakia,,
Slovenia,4,0,Slovenia,,
Slovenia,5,0,Slovenia,,
Slovenia,14,0,Slovenia,,
Slovenia,1,0,Slovenia,,
Slovenia,1,0,Slovenia,,
Slovenia,3,0,Slovenia,,
Slovenia,4,0,Slovenia,,
South Africa,1,0,South Africa,,
South Africa,12,0,South Africa,,
South Africa,18,0,South Africa,,
South Africa,1,0,South Africa,,
South Africa,1,0,South Africa,,
South Africa,1,0,South Africa,,
South Africa,1,0,South Africa,,
South Africa,1,0,South Africa,,
Spain,178,0,Spain,,
Spain,717,1,Spain,,
Spain,180,0,Spain,,
Spain,760,1,Spain,,
Spain,218,0,Spain,,
Spain,776,1,Spain,,
Spain,291,0,Spain,,
Spain,331,0,Spain,,
Spain,357,0,Spain,,
Spain,488,0,Spain,,
Spain,126,0,Spain,,
Spain,133,0,Spain,,
Spain,136,0,Spain,,
Spain,138,0,Spain,,
Spain,143,0,Spain,,
Spain,488,0,Spain,,
Spain,499,0,Spain,,
Spain,512,0,Spain,,
Spain,522,0,Spain,,
Spain,539,0,Spain,,
Spain,541,0,Spain,,
Spain,541,0,Spain,,
Sri Lanka,15,0,Sri Lanka,,
Sri Lanka,17,0,Sri Lanka,,
Sri Lanka,19,0,Sri Lanka,,
Sri Lanka,1,0,Sri Lanka,,
Sri Lanka,1,0,Sri Lanka,,
Sri Lanka,4,0,Sri Lanka,,
Sri Lanka,5,0,Sri Lanka,,
Sri Lanka,7,0,Sri Lanka,,
Sri Lanka,9,0,Sri Lanka,,
Suriname,11,0,Suriname,,
Suriname,11,0,Suriname,,
Suriname,11,0,Suriname,,
Suriname,11,0,Suriname,,
Suriname,11,0,Suriname,,
Suriname,11,0,Suriname,,
Suriname,11,0,Suriname,,
Suriname,11,0,Suriname,,
Sweden,4,0,Sweden,,
Sweden,69,0,Sweden,,
Sweden,7,0,Sweden,,
Sweden,74,0,Sweden,,
Sweden,13,0,Sweden,,
Sweden,84,0,Sweden,,
Sweden,14,0,Sweden,,
Sweden,16,0,Sweden,,
Sweden,19,0,Sweden,,
Sweden,19,0,Sweden,,
Sweden,3,0,Sweden,,
Sweden,3,0,Sweden,,
Sweden,3,0,Sweden,,
Sweden,3,0,Sweden,,
Sweden,4,0,Sweden,,
Sweden,32,0,Sweden,,
Sweden,37,0,Sweden,,
Sweden,43,0,Sweden,,
Sweden,48,0,Sweden,,
Sweden,55,0,Sweden,,
Sweden,61,0,Sweden,,
Sweden,67,0,Sweden,,
Switzerland,8,0,Switzerland,,
Switzerland,56,0,Switzerland,,
Switzerland,10,0,Switzerland,,
Switzerland,72,0,Switzerland,,
Switzerland,10,0,Switzerland,,
Switzerland,76,0,Switzerland,,
Switzerland,16,0,Switzerland,,
Switzerland,16,0,Switzerland,,
Switzerland,20,0,Switzerland,,
Switzerland,20,0,Switzerland,,
Switzerland,2,0,Switzerland,,
Switzerland,3,0,Switzerland,,
Switzerland,3,0,Switzerland,,
Switzerland,3,0,Switzerland,,
Switzerland,4,0,Switzerland,,
Switzerland,22,0,Switzerland,,
Switzerland,27,0,Switzerland,,
Switzerland,27,0,Switzerland,,
Switzerland,31,0,Switzerland,,
Switzerland,33,0,Switzerland,,
Switzerland,47,0,Switzerland,,
Switzerland,49,0,Switzerland,,
Syria,1,0,Syria,,
Thailand,2,0,Thailand,,
Thailand,1414,3,Thailand,,
Thailand,2,0,Thailand,,
Thailand,1414,3,Thailand,,
Thailand,8,0,Thailand,,
Thailand,2076,7,Thailand,,
Thailand,8,0,Thailand,,
Thailand,8,0,Thailand,,
Thailand,8,0,Thailand,,
Thailand,8,0,Thailand,,
Thailand,2,0,Thailand,,
Thailand,2,0,Thailand,,
Thailand,2,0,Thailand,,
Thailand,2,0,Thailand,,
Thailand,2,0,Thailand,,
Thailand,29,0,Thailand,,
Thailand,310,0,Thailand,,
Thailand,518,0,Thailand,,
Thailand,589,0,Thailand,,
Thailand,774,0,Thailand,,
Thailand,774,0,Thailand,,
Thailand,774,0,Thailand,,
The former Yugoslav Republic of Macedonia,2,0,The former Yugoslav Republic of Macedonia,,
Trinidad and Tobago,53,0,Trinidad and Tobago,,
Trinidad and Tobago,53,0,Trinidad and Tobago,,
Trinidad and Tobago,65,0,Trinidad and Tobago,,
Trinidad and Tobago,2,0,Trinidad and Tobago,,
Trinidad and Tobago,2,0,Trinidad and Tobago,,
Trinidad and Tobago,2,0,Trinidad and Tobago,,
Trinidad and Tobago,4,0,Trinidad and Tobago,,
Trinidad and Tobago,5,0,Trinidad and Tobago,,
Trinidad and Tobago,5,0,Trinidad and Tobago,,
Trinidad and Tobago,18,0,Trinidad and Tobago,,
Trinidad and Tobago,18,0,Trinidad and Tobago,,
Trinidad and Tobago,25,0,Trinidad and Tobago,,
Trinidad and Tobago,25,0,Trinidad and Tobago,,
Trinidad and Tobago,53,0,Trinidad and Tobago,,
Tunisia,3,0,Tunisia,,
Tunisia,3,0,Tunisia,,
Tunisia,5,0,Tunisia,,
Tunisia,2,0,Tunisia,,
Tunisia,2,0,Tunisia,,
Tunisia,2,0,Tunisia,,
Turkey,4,0,Turkey,,
Turkey,32,0,Turkey,,
Turkey,4,0,Turkey,,
Turkey,40,0,Turkey,,
Turkey,8,0,Turkey,,
Turkey,40,0,Turkey,,
Turkey,10,0,Turkey,,
Turkey,10,0,Turkey,,
Turkey,10,0,Turkey,,
Turkey,10,0,Turkey,,
Turkey,2,0,Turkey,,
Turkey,2,0,Turkey,,
Turkey,2,0,Turkey,,
Turkey,2,0,Turkey,,
Turkey,2,0,Turkey,,
Turkey,10,0,Turkey,,
Turkey,16,0,Turkey,,
Turkey,20,0,Turkey,,
Turkey,20,0,Turkey,,
Turkey,26,0,Turkey,,
Turkey,26,0,Turkey,,
Turkey,27,0,Turkey,,
Uganda,1,0,Uganda,,
Uganda,1,0,Uganda,,
Ukraine,1,0,Ukraine,,
Ukraine,1,0,Ukraine,,
Ukraine,1,0,Ukraine,,
Ukraine,1,0,Ukraine,,
Ukraine,1,0,Ukraine,,
Ukraine,1,0,Ukraine,,
Ukraine,1,0,Ukraine,,
Ukraine,1,0,Ukraine,,
Ukraine,1,0,Ukraine,,
Ukraine,1,0,Ukraine,,
Ukraine,1,0,Ukraine,,
Ukraine,1,0,Ukraine,,
Ukraine,1,0,Ukraine,,
United Arab Emirates,8,0,United Arab Emirates,,
United Arab Emirates,8,0,United Arab Emirates,,
United Arab Emirates,8,0,United Arab Emirates,,
United Arab Emirates,1,0,United Arab Emirates,,
United Arab Emirates,1,0,United Arab Emirates,,
United Arab Emirates,1,0,United Arab Emirates,,
United Arab Emirates,1,0,United Arab Emirates,,
United Arab Emirates,1,0,United Arab Emirates,,
United Arab Emirates,1,0,United Arab Emirates,,
United Arab Emirates,2,0,United Arab Emirates,,
United Arab Emirates,2,0,United Arab Emirates,,
United Arab Emirates,2,0,United Arab Emirates,,
United Arab Emirates,7,0,United Arab Emirates,,
United Arab Emirates,8,0,United Arab Emirates,,
United Kingdom,229,0,United Kingdom,,
United Kingdom,6538,3,United Kingdom,,
United Kingdom,339,0,United Kingdom,,
United Kingdom,7447,3,United Kingdom,,
United Kingdom,428,0,United Kingdom,,
United Kingdom,7447,3,United Kingdom,,
United Kingdom,557,0,United Kingdom,,
United Kingdom,666,0,United Kingdom,,
United Kingdom,822,0,United Kingdom,,
United Kingdom,822,0,United Kingdom,,
United Kingdom,117,0,United Kingdom,,
United Kingdom,122,0,United Kingdom,,
United Kingdom,137,0,United Kingdom,,
United Kingdom,137,0,United Kingdom,,
United Kingdom,203,0,United Kingdom,,
United Kingdom,1226,0,United Kingdom,,
United Kingdom,1461,1,United Kingdom,,
United Kingdom,1752,1,United Kingdom,,
United Kingdom,2506,1,United Kingdom,,
United Kingdom,2905,1,United Kingdom,,
United Kingdom,3597,1,United Kingdom,,
United Kingdom,4250,1,United Kingdom,,
"United Kingdom, Isle of Man, Crown Dependency",1,0,United Kingdom, Isle of Man, Crown Dependency
"United Kingdom, Jersey, Crown Dependency",1,0,United Kingdom, Jersey, Crown Dependency
United States of America,8975,15,United States of America,,
United States of America,27717,127,United States of America,,
United States of America,10053,17,United States of America,,
United States of America,33902,170,United States of America,,
United States of America,11054,17,United States of America,,
United States of America,33902,170,United States of America,,
United States of America,13217,27,United States of America,,
United States of America,13217,27,United States of America,,
United States of America,13217,27,United States of America,,
United States of America,13217,27,United States of America,,
United States of America,6552,9,United States of America,,
United States of America,6552,9,United States of America,,
United States of America,6764,10,United States of America,,
United States of America,6764,10,United States of America,,
United States of America,7927,11,United States of America,,
United States of America,17855,45,United States of America,,
United States of America,17855,44,United States of America,,
United States of America,21449,87,United States of America,,
United States of America,21449,87,United States of America,,
United States of America,21449,87,United States of America,,
United States of America,27717,127,United States of America,,
United States of America,17855,44,United States of America,,
Uruguay,11,0,Uruguay,,
Uruguay,195,1,Uruguay,,
Uruguay,15,0,Uruguay,,
Uruguay,195,1,Uruguay,,
Uruguay,15,0,Uruguay,,
Uruguay,195,4,Uruguay,,
Uruguay,17,0,Uruguay,,
Uruguay,24,0,Uruguay,,
Uruguay,24,0,Uruguay,,
Uruguay,36,0,Uruguay,,
Uruguay,2,0,Uruguay,,
Uruguay,36,0,Uruguay,,
Uruguay,36,0,Uruguay,,
Uruguay,36,0,Uruguay,,
Uruguay,36,0,Uruguay,,
Uruguay,195,0,Uruguay,,
Uruguay,195,0,Uruguay,,
Uruguay,195,0,Uruguay,,
Vanuatu,2,0,Vanuatu,,
Vanuatu,2,0,Vanuatu,,
Vanuatu,2,0,Vanuatu,,
Vanuatu,1,,Vanuatu,,
Vanuatu,2,0,Vanuatu,,
Vanuatu,2,0,Vanuatu,,
Venezuela,2,0,Venezuela,,
Venezuela,193,0,Venezuela,,
Venezuela,3,0,Venezuela,,
Venezuela,204,0,Venezuela,,
Venezuela,4,0,Venezuela,,
Venezuela,206,0,Venezuela,,
Venezuela,4,0,Venezuela,,
Venezuela,12,0,Venezuela,,
Venezuela,13,0,Venezuela,,
Venezuela,25,0,Venezuela,,
Venezuela,25,0,Venezuela,,
Venezuela,45,0,Venezuela,,
Venezuela,60,0,Venezuela,,
Venezuela,71,0,Venezuela,,
Venezuela,135,0,Venezuela,,
Venezuela,153,0,Venezuela,,
Venezuela,172,0,Venezuela,,
Viet Nam,1,0,Viet Nam,,
Viet Nam,123,0,Viet Nam,,
Viet Nam,3,0,Viet Nam,,
Viet Nam,131,0,Viet Nam,,
Viet Nam,3,0,Viet Nam,,
Viet Nam,181,0,Viet Nam,,
Viet Nam,9,0,Viet Nam,,
Viet Nam,15,0,Viet Nam,,
Viet Nam,16,0,Viet Nam,,
Viet Nam,23,0,Viet Nam,,
Viet Nam,25,0,Viet Nam,,
Viet Nam,27,0,Viet Nam,,
Viet Nam,27,0,Viet Nam,,
Viet Nam,35,0,Viet Nam,,
Viet Nam,56,0,Viet Nam,,
Viet Nam,63,0,Viet Nam,,
Viet Nam,84,0,Viet Nam,,
Virgin Islands,1,0,Virgin Islands,,
West Bank and Gaza Strip,13,0,West Bank and Gaza Strip,,
West Bank and Gaza Strip,30,0,West Bank and Gaza Strip,,
West Bank and Gaza Strip,60,0,West Bank and Gaza Strip,,
West Bank and Gaza Strip,2,0,West Bank and Gaza Strip,,
West Bank and Gaza Strip,2,0,West Bank and Gaza Strip,,
West Bank and Gaza Strip,5,0,West Bank and Gaza Strip,,
West Bank and Gaza Strip,8,0,West Bank and Gaza Strip,,
West Bank and Gaza Strip,8,0,West Bank and Gaza Strip,,
West Bank and Gaza Strip,9,0,West Bank and Gaza Strip,,
West Bank and Gaza Strip,9,0,West Bank and Gaza Strip,,
Yemen,7,0,Yemen,,
Yemen,7,0,Yemen,,
Yemen,8,0,Yemen,,
Yemen,1,0,Yemen,,
Yemen,4,0,Yemen,,
Yemen,5,0,Yemen,,
Yemen,6,0,Yemen,,
Yemen,6,0,Yemen,,
Yemen,6,0,Yemen,,
